응답자ID,성별,나이,지역,학습시간,스트레스점수,만족도
1,남,25,부산,7.4,3.2,3.2
2,여,26,인천,2.2,8.8,2.4
3,남,31,경기,4.2,7.3,2.9
4,여,33,서울,4.5,6.3,3.5
5,남,33,부산,4.0,5.2,3.1
6,여,30,인천,4.5,6.1,3.0
7,남,19,경기,4.2,6.2,3.1
8,여,30,서울,6.1,5.4,3.6
9,남,19,부산,1.5,8.7,2.1
10,여,21,인천,2.3,6.0,2.6
11,남,31,경기,7.8,5.0,3.9
12,여,31,서울,6.2,5.3,3.5
13,남,34,부산,2.7,8.2,2.2
14,여,23,인천,4.1,6.1,3.0
15,남,22,경기,1.5,7.7,1.9
16,여,31,서울,8.3,4.3,4.2
17,남,26,부산,5.3,4.2,3.8
18,여,21,인천,4.6,6.5,2.8
19,남,26,경기,8.4,3.5,4.3
20,여,21,서울,1.5,9.4,1.8
21,남,31,부산,8.0,2.5,4.5
22,여,32,인천,5.4,4.8,3.6
23,남,21,경기,4.6,6.1,3.1
24,여,25,서울,2.3,6.1,2.5
25,남,25,부산,7.2,3.3,4.0
26,여,22,인천,5.8,4.4,3.7
27,남,28,경기,3.5,6.8,2.7
28,여,30,서울,4.5,7.3,2.6
29,남,33,부산,1.7,9.3,2.0
30,여,19,인천,3.6,4.9,3.2
31,남,20,경기,7.0,3.9,4.0
32,여,22,서울,7.2,3.9,4.1
33,남,30,부산,5.6,5.3,3.6
34,여,22,인천,5.2,4.9,3.4
35,남,26,경기,2.5,7.4,2.6
36,여,32,서울,3.9,6.4,2.9
37,남,22,부산,3.8,5.8,2.8
38,여,21,인천,8.3,5.0,4.0
39,남,29,경기,7.2,4.8,3.9
40,여,32,서울,2.0,9.0,2.0
